<?xml version="1.0" encoding="UTF-8"?>
<project-private xmlns="http://www.netbeans.org/ns/project-private/1">
    <editor-bookmarks xmlns="http://www.netbeans.org/ns/editor-bookmarks/2" lastBookmarkId="0"/>
    <open-files xmlns="http://www.netbeans.org/ns/projectui-open-files/2">
        <group>
            <file>file:/C:/Users/Kartik%20Gaur/Documents/NetBeansProjects/Prospect%20Encore/src/com/monitor_operation/Display.java</file>
            <file>file:/C:/Users/Kartik%20Gaur/Documents/NetBeansProjects/Prospect%20Encore/src/com/prospect_opertion/ProspectOperations.java</file>
            <file>file:/C:/Users/Kartik%20Gaur/Documents/NetBeansProjects/Prospect%20Encore/src/com/employee_operations/EmployeeOperations.java</file>
        </group>
    </open-files>
</project-private>
